{"generation_slope":[10,8],"price_support":[[139,160,155,158],[169,164,160,169,166],[193,241,144,224,170],[157,173,76,135,78],[182,127,101,151,79],[81,197,123,167,145],[127,172,208,87,149],[108,176,140,61,226],[115,168,139,78,207],[144,176,116,76,221],[119,180,152,71,224],[119,183,153,71,226],[197,121,162,61,252],[118,159,249,62,197],[116,146,212,75,175],[114,137,188,84,160],[139,158,123,98,184],[148,121,77,102,185],[88,133,157,111,190],[182,97,132,118,153],[199,80,113,135,161],[217,112,69,138,169],[212,166,62,135,106],[201,160,98,129,57],[166,205,106,136,67],[135,217,99,169,49],[125,227,88,167,32],[179,234,99,141,41],[179,240,93,134,35],[179,240,93,134,34],[176,236,95,133,38],[173,228,97,133,44],[153,182,120,222,76],[158,193,122,243,75],[201,158,119,258,69],[194,155,119,246,76],[146,175,123,215,89],[170,122,142,208,89],[184,110,145,236,67],[175,148,120,213,83],[160,189,98,228,132],[180,159,139,207,111],[154,174,109,201,136],[135,182,102,213,159],[135,159,96,233,189],[159,187,104,224,136],[163,187,108,219,139],[164,192,105,225,137],[131,225,184,158,88],[129,190,86,230,159],[103,170,55,216,138],[111,167,67,207,141]],"generation_intercept":[0.0,0.16],"inflow_probability":[[0.34,0.22,0.44],[0.13,0.53,0.34],[0.21,0.51,0.28],[0.22,0.33,0.45],[0.37,0.15,0.48],[0.12,0.62,0.26],[0.42,0.4600000000000002,0.12],[0.56,0.11,0.33],[0.42,0.45,0.13],[0.07,0.45,0.48],[0.18,0.33,0.49],[0.23,0.48,0.29],[0.37,0.42,0.21],[0.45,0.15,0.4],[0.37,0.22,0.41],[0.29,0.3,0.41000000000000003],[0.34,0.17,0.49],[0.33,0.34,0.33],[0.3,0.22,0.48],[0.38,0.27,0.35],[0.38,0.25,0.37],[0.48,0.36,0.16],[0.4,0.41,0.19],[0.44,0.23,0.33],[0.12,0.12,0.76],[0.42,0.12,0.45999999999999996],[0.58,0.11,0.31],[0.3,0.15,0.55],[0.26,0.61,0.13],[0.33,0.5599999999999998,0.11],[0.42,0.44,0.14],[0.16,0.51,0.33],[0.13,0.42,0.45],[0.22,0.71,0.07],[0.33,0.33,0.33999999999999997],[0.43,0.28,0.29],[0.33,0.41,0.26],[0.3,0.5,0.2],[0.28,0.51,0.21],[0.5700000000000002,0.31,0.12],[0.6,0.27,0.13],[0.45,0.24,0.31],[0.36,0.18,0.46],[0.11,0.61,0.28],[0.14,0.49,0.37],[0.22,0.59,0.19],[0.31,0.45,0.24],[0.43,0.15,0.42],[0.16,0.44,0.4],[0.12,0.42,0.46],[0.46,0.17,0.37],[0.31,0.4,0.29]],"inflow_support":[[0.03717,0.00892,0.0215],[0.03411,0.01252,0.02298],[0.04418,0.02204,0.00698],[0.06623,0.00215,0.03042],[0.00664,0.06148,0.02411],[0.10038,0.01792,0.00781],[0.00753,0.01769,0.06364],[0.01232,0.0599,0.02489],[0.01079,0.02619,0.06808],[0.04578,0.03125,0.01571],[0.082,0.01241,0.03976],[0.09638,0.04707,0.00685],[-0.0,0.0443,0.0998],[0.03553,0.05632,0.01684],[0.01671,0.09514,0.0544],[0.09723,0.01304,0.05435],[0.02388,0.0928,0.05252],[0.05674,0.03752,0.0204],[0.01467,0.06671,0.03768],[0.01147,0.0504,0.0281],[0.02184,0.0375,0.00727],[0.00637,0.01488,0.0246],[-0.0,0.01753,0.04145],[0.01199,0.0294,-0.0],[0.02997,0.04245,0.00983],[0.01241,0.0274,0.00506],[0.00454,0.00774,0.00313],[0.00553,0.01119,0.00204],[0.00994,0.00179,0.02026],[0.00578,0.0028,0.01468],[0.00646,0.00256,0.01525],[0.01257,0.00705,0.00202],[0.02843,0.0132,0.00541],[0.01981,0.00591,0.03023],[0.00881,0.01977,0.00281],[0.00673,0.03142,0.01807],[0.01243,0.02451,0.03794],[0.00927,0.02811,0.05448],[-0.0,0.03704,0.09223],[0.01611,0.03909,0.08799],[0.01834,0.03273,0.06202],[0.02283,0.0108,0.03268],[0.01974,0.0468,0.03101],[0.08006,0.04479,0.01595],[0.0417,0.02561,0.01126],[0.00952,0.0252,0.04498],[0.01475,0.02221,0.03091],[0.01216,0.09409,0.04551],[0.08588,0.01264,0.04395],[0.06736,0.03495,0.00846],[0.01334,0.05999,0.03173],[0.01381,0.06883,0.0414]],"price_probability":[[0.5,0.17,0.17,0.16],[0.03,0.03,0.03,0.03,0.88],[0.15,0.05,0.33,0.11,0.36],[0.17,0.19,0.04,0.4700000000000002,0.13],[0.33,0.12,0.05,0.38,0.12],[0.15,0.16,0.19,0.29,0.21],[0.27,0.24,0.15,0.15,0.19],[0.19,0.29,0.24,0.09,0.19],[0.2,0.28,0.25,0.12,0.15],[0.25,0.29,0.18,0.11,0.17],[0.28,0.21,0.22,0.14,0.15],[0.29000000000000004,0.21,0.22,0.15,0.13],[0.21,0.29,0.19,0.16,0.15],[0.28,0.24,0.09,0.16,0.23],[0.29000000000000004,0.25,0.1,0.15,0.21],[0.27,0.28,0.09,0.12,0.24],[0.22,0.29,0.19,0.12,0.18],[0.3700000000000001,0.21,0.08,0.12,0.22],[0.08,0.27,0.3199999999999999,0.16,0.17],[0.22,0.1,0.19,0.13,0.36],[0.17,0.13,0.2,0.22,0.28],[0.19,0.21,0.14,0.18,0.28],[0.17,0.25,0.14,0.21,0.23],[0.14,0.23,0.24,0.27,0.12],[0.25,0.14,0.23,0.28,0.1],[0.24,0.15,0.25,0.24,0.12],[0.22,0.17,0.21,0.28,0.12],[0.21,0.14,0.27,0.25,0.13],[0.28,0.15,0.21,0.24,0.12],[0.27,0.15,0.22,0.24,0.12],[0.27,0.15,0.21,0.23,0.14],[0.27,0.14,0.22,0.24,0.13],[0.26,0.19,0.3,0.12,0.13],[0.26,0.25,0.23,0.15,0.11],[0.29,0.26,0.19,0.17,0.09],[0.31,0.26,0.18,0.17,0.08],[0.22,0.29,0.18,0.2,0.11],[0.3100000000000002,0.17,0.2,0.19,0.13],[0.3,0.19,0.29,0.11,0.11],[0.23,0.25,0.26,0.13,0.13],[0.27999999999999997,0.27,0.12,0.12,0.21],[0.25,0.25,0.24,0.12,0.14],[0.22,0.26,0.15,0.14,0.23],[0.26,0.23,0.14,0.13,0.24],[0.21,0.19,0.15,0.17,0.2799999999999999],[0.25,0.31,0.12,0.14,0.18],[0.3,0.25,0.11,0.11,0.23],[0.3500000000000001,0.23,0.09,0.08,0.25],[0.24,0.16,0.23,0.18,0.19],[0.26,0.23,0.14,0.11,0.26],[0.27,0.23,0.14,0.12,0.24],[0.27,0.22,0.17,0.14,0.2]]}